arterycode,direction,sideofint,centreline_id,artery_type,match_on_case,was_match_on_case
3954,Northbound,N,109346,2,10,6
3954,Southbound,N,109346,2,10,6
3954,Northbound,S,30059609,2,10,6
3954,Southbound,S,30059609,2,10,6
3954,Eastbound,W,30001838,2,10,6
3954,Westbound,W,30001838,2,10,6
3954,Eastbound,E,11653468,2,10,6
3954,Westbound,E,11653468,2,10,6
6446,Northbound,N,1146396,2,10,6
6446,Southbound,N,1146396,2,10,6
6446,Eastbound,W,30089213,2,10,6
6446,Westbound,W,30089213,2,10,6
6446,Eastbound,E,7586942,2,10,6
6446,Westbound,E,7586942,2,10,6
14947,Northbound,S,20235984,2,10,6
14947,Southbound,S,20235984,2,10,6
14947,Eastbound,W,20235972,2,10,6
14947,Westbound,W,20235972,2,10,6
14947,Eastbound,E,20235971,2,10,6
14947,Westbound,E,20235971,2,10,6
24761,Northbound,N,20111586,2,10,6
24761,Southbound,N,20111586,2,10,6
24761,Eastbound,W,30015173,2,10,6
24761,Westbound,W,30015173,2,10,6
24761,Eastbound,E,20111567,2,10,6
24761,Westbound,E,20111567,2,10,6
26356,Northbound,N,30009706,2,10,6
26356,Southbound,N,30009706,2,10,6
26356,Northbound,S,30009705,2,10,6
26356,Southbound,S,30009705,2,10,6
26356,Eastbound,E,30009707,2,10,6
26356,Westbound,E,30009707,2,10,6
32030,Northbound,N,30028870,2,10,6
32030,Southbound,N,30028870,2,10,6
32030,Northbound,S,30021316,2,10,6
32030,Southbound,S,30021316,2,10,6
32030,Eastbound,W,30021271,2,10,6
32030,Westbound,W,30021271,2,10,6
32030,Eastbound,E,30021270,2,10,6
32030,Westbound,E,30021270,2,10,6
32321,Eastbound,W,14189397,2,10,9
32321,Westbound,W,14189397,2,10,9
32481,Northbound,N,8206167,2,10,9
32481,Southbound,N,8206167,2,10,9
36908,Northbound,N,14675328,2,10,6
36908,Southbound,N,14675328,2,10,6
36908,Northbound,S,30074506,2,10,6
36908,Southbound,S,30074506,2,10,6
36908,Eastbound,W,14675135,2,10,6
36908,Westbound,W,14675135,2,10,6
4709,Northbound,N,20154558,2,10,9
4709,Southbound,N,20154558,2,10,9
4709,Northbound,S,20154544,2,10,9
4709,Southbound,S,20154544,2,10,9
4709,Eastbound,W,20154621,2,10,9
4709,Westbound,W,20154621,2,10,9
4709,Eastbound,E,20154557,2,10,9
4709,Westbound,E,20154557,2,10,9
5009,Northbound,N,30021551,2,10,6
5009,Southbound,N,30021551,2,10,6
5009,Northbound,S,30021550,2,10,6
5009,Southbound,S,30021550,2,10,6
5009,Eastbound,W,30082393,2,10,6
5009,Westbound,W,30082393,2,10,6
3965,Northbound,N,445156,2,10,6
3965,Southbound,N,445156,2,10,6
3965,Northbound,S,445250,2,10,6
3965,Southbound,S,445250,2,10,6
3965,Eastbound,W,445222,2,10,6
3965,Westbound,W,445222,2,10,6
3965,Eastbound,E,445155,2,10,6
3965,Westbound,E,445155,2,10,6
4039,Northbound,N,20044501,2,10,6
4039,Southbound,N,20044501,2,10,6
4039,Northbound,S,14204029,2,10,6
4039,Southbound,S,14204029,2,10,6
4039,Eastbound,W,30012612,2,10,6
4039,Westbound,W,30012612,2,10,6
4039,Eastbound,E,14204001,2,10,6
4039,Westbound,E,14204001,2,10,6
4202,Northbound,N,3065754,2,10,6
4202,Southbound,N,3065754,2,10,6
4202,Northbound,S,14037155,2,10,6
4202,Southbound,S,14037155,2,10,6
4202,Eastbound,W,1146332,2,10,6
4202,Westbound,W,1146332,2,10,6
4202,Eastbound,E,10864309,2,10,6
4202,Westbound,E,10864309,2,10,6
4363,Northbound,N,30073909,2,10,6
4363,Southbound,N,30073909,2,10,6
4363,Northbound,S,436832,2,10,6
4363,Southbound,S,436832,2,10,6
4363,Eastbound,W,436758,2,10,6
4363,Westbound,W,436758,2,10,6
4363,Eastbound,E,436731,2,10,6
4363,Westbound,E,436731,2,10,6
4507,Northbound,N,1139880,2,10,6
4507,Southbound,N,1139880,2,10,6
4507,Northbound,S,1140199,2,10,6
4507,Southbound,S,1140199,2,10,6
4507,Eastbound,W,1139963,2,10,6
4507,Westbound,W,1139963,2,10,6
4507,Eastbound,E,1139879,2,10,6
4507,Westbound,E,1139879,2,10,6
4720,Northbound,N,30016129,2,10,6
4720,Southbound,N,30016129,2,10,6
4720,Northbound,S,8680975,2,10,6
4720,Southbound,S,8680975,2,10,6
4720,Eastbound,W,432,2,10,6
4720,Westbound,W,432,2,10,6
4720,Eastbound,E,8677049,2,10,6
4720,Westbound,E,8677049,2,10,6
4778,Northbound,N,8824030,2,10,6
4778,Southbound,N,8824030,2,10,6
4778,Northbound,S,7862433,2,10,6
4778,Southbound,S,7862433,2,10,6
4778,Eastbound,W,6238151,2,10,6
4778,Westbound,W,6238151,2,10,6
4778,Eastbound,E,6195239,2,10,6
4778,Westbound,E,6195239,2,10,6
4779,Northbound,N,6231632,2,10,6
4779,Southbound,N,6231632,2,10,6
4779,Northbound,S,20048482,2,10,6
4779,Southbound,S,20048482,2,10,6
4779,Eastbound,W,914479,2,10,6
4779,Westbound,W,914479,2,10,6
4779,Eastbound,E,6195251,2,10,6
4779,Westbound,E,6195251,2,10,6
4873,Northbound,N,20044267,2,10,6
4873,Southbound,N,20044267,2,10,6
4873,Northbound,S,30089847,2,10,6
4873,Southbound,S,30089847,2,10,6
4873,Eastbound,W,8087218,2,10,6
4873,Westbound,W,8087218,2,10,6
4873,Eastbound,E,30089844,2,10,6
4873,Westbound,E,30089844,2,10,6
4924,Northbound,N,14013313,2,10,6
4924,Southbound,N,14013313,2,10,6
4924,Northbound,S,14013595,2,10,6
4924,Southbound,S,14013595,2,10,6
4924,Eastbound,W,1142774,2,10,6
4924,Westbound,W,1142774,2,10,6
4924,Eastbound,E,8416915,2,10,6
4924,Westbound,E,8416915,2,10,6
4978,Northbound,N,20231119,2,10,6
4978,Southbound,N,20231119,2,10,6
4978,Northbound,S,30017549,2,10,6
4978,Southbound,S,30017549,2,10,6
4978,Eastbound,W,8608502,2,10,6
4978,Westbound,W,8608502,2,10,6
4978,Eastbound,E,8608491,2,10,6
4978,Westbound,E,8608491,2,10,6
5172,Northbound,N,30015105,2,10,6
5172,Southbound,N,30015105,2,10,6
5172,Northbound,S,9410000,2,10,6
5172,Southbound,S,9410000,2,10,6
5172,Eastbound,W,1449,2,10,6
5172,Westbound,W,1449,2,10,6
5172,Eastbound,E,1366,2,10,6
5172,Westbound,E,1366,2,10,6
5188,Northbound,N,1145785,2,10,6
5188,Southbound,N,1145785,2,10,6
5188,Northbound,S,30057507,2,10,6
5188,Southbound,S,30057507,2,10,6
5188,Eastbound,W,1145812,2,10,6
5188,Westbound,W,1145812,2,10,6
5188,Eastbound,E,8396807,2,10,6
5188,Westbound,E,8396807,2,10,6
5197,Northbound,N,6027215,2,10,6
5197,Southbound,N,6027215,2,10,6
5197,Northbound,S,914882,2,10,6
5197,Southbound,S,914882,2,10,6
5197,Eastbound,W,9941956,2,10,6
5197,Westbound,W,9941956,2,10,6
5197,Eastbound,E,20230538,2,10,6
5197,Westbound,E,20230538,2,10,6
5232,Northbound,N,111863,2,10,6
5232,Southbound,N,111863,2,10,6
5232,Northbound,S,5413270,2,10,6
5232,Southbound,S,5413270,2,10,6
5232,Eastbound,W,444763,2,10,6
5232,Westbound,W,444763,2,10,6
5232,Eastbound,E,5413251,2,10,6
5232,Westbound,E,5413251,2,10,6
5390,Northbound,N,14037089,2,10,6
5390,Southbound,N,14037089,2,10,6
5390,Northbound,S,30017572,2,10,6
5390,Southbound,S,30017572,2,10,6
5390,Eastbound,W,8608491,2,10,6
5390,Westbound,W,8608491,2,10,6
5390,Eastbound,E,10663266,2,10,6
5390,Westbound,E,10663266,2,10,6
5450,Northbound,N,908438,2,10,6
5450,Southbound,N,908438,2,10,6
5450,Northbound,S,20059766,2,10,6
5450,Southbound,S,20059766,2,10,6
5450,Eastbound,W,908459,2,10,6
5450,Westbound,W,908459,2,10,6
5450,Eastbound,E,20059760,2,10,6
5450,Westbound,E,20059760,2,10,6
5586,Northbound,N,113237,2,10,6
5586,Southbound,N,113237,2,10,6
5586,Northbound,S,113254,2,10,6
5586,Southbound,S,113254,2,10,6
5586,Eastbound,W,113240,2,10,6
5586,Westbound,W,113240,2,10,6
5586,Eastbound,E,2286552,2,10,6
5586,Westbound,E,2286552,2,10,6
5600,Northbound,N,111501,2,10,6
5600,Southbound,N,111501,2,10,6
5600,Northbound,S,6674318,2,10,6
5600,Southbound,S,6674318,2,10,6
5600,Eastbound,W,111591,2,10,6
5600,Westbound,W,111591,2,10,6
5600,Eastbound,E,111495,2,10,6
5600,Westbound,E,111495,2,10,6
5614,Northbound,N,12189729,2,10,6
5614,Southbound,N,12189729,2,10,6
5614,Northbound,S,14014172,2,10,6
5614,Southbound,S,14014172,2,10,6
5614,Eastbound,W,14014159,2,10,6
5614,Westbound,W,14014159,2,10,6
5614,Eastbound,E,1143284,2,10,6
5614,Westbound,E,1143284,2,10,6
5693,Northbound,N,9340537,2,10,6
5693,Southbound,N,9340537,2,10,6
5693,Northbound,S,4684751,2,10,6
5693,Southbound,S,4684751,2,10,6
5693,Eastbound,W,110316,2,10,6
5693,Westbound,W,110316,2,10,6
5693,Eastbound,E,110270,2,10,6
5693,Westbound,E,110270,2,10,6
5865,Northbound,N,8127,2,10,6
5865,Southbound,N,8127,2,10,6
5865,Northbound,S,14067359,2,10,6
5865,Southbound,S,14067359,2,10,6
5865,Eastbound,W,8128,2,10,6
5865,Westbound,W,8128,2,10,6
5865,Eastbound,E,8174,2,10,6
5865,Westbound,E,8174,2,10,6
5880,Northbound,N,20079154,2,10,6
5880,Southbound,N,20079154,2,10,6
5880,Northbound,S,14066953,2,10,6
5880,Southbound,S,14066953,2,10,6
5880,Eastbound,W,3497322,2,10,6
5880,Westbound,W,3497322,2,10,6
5880,Eastbound,E,7459,2,10,6
5880,Westbound,E,7459,2,10,6
6181,Northbound,N,30036320,2,10,6
6181,Southbound,N,30036320,2,10,6
6181,Northbound,S,1143136,2,10,6
6181,Southbound,S,1143136,2,10,6
6181,Eastbound,W,6387985,2,10,6
6181,Westbound,W,6387985,2,10,6
6181,Eastbound,E,10035628,2,10,6
6181,Westbound,E,10035628,2,10,6
6848,Northbound,N,10258028,2,10,6
6848,Southbound,N,10258028,2,10,6
6848,Northbound,S,13232840,2,10,6
6848,Southbound,S,13232840,2,10,6
6848,Eastbound,W,2884115,2,10,6
6848,Westbound,W,2884115,2,10,6
6848,Eastbound,E,20057357,2,10,6
6848,Westbound,E,20057357,2,10,6
11879,Northbound,N,14078493,2,10,6
11879,Southbound,N,14078493,2,10,6
11879,Northbound,S,14072838,2,10,6
11879,Southbound,S,14072838,2,10,6
11879,Eastbound,W,8745,2,10,6
11879,Westbound,W,8745,2,10,6
11879,Eastbound,E,14068812,2,10,6
11879,Westbound,E,14068812,2,10,6
12116,Northbound,N,30073968,2,10,6
12116,Southbound,N,30073968,2,10,6
12116,Northbound,S,14021164,2,10,6
12116,Southbound,S,14021164,2,10,6
12116,Eastbound,W,8677216,2,10,6
12116,Westbound,W,8677216,2,10,6
12116,Eastbound,E,14021105,2,10,6
12116,Westbound,E,14021105,2,10,6
12261,Northbound,N,10757512,2,10,6
12261,Southbound,N,10757512,2,10,6
12261,Northbound,S,7986338,2,10,6
12261,Southbound,S,7986338,2,10,6
12261,Eastbound,W,14017401,2,10,6
12261,Westbound,W,14017401,2,10,6
12261,Eastbound,E,14042376,2,10,6
12261,Westbound,E,14042376,2,10,6
13811,Northbound,N,1144744,2,10,6
13811,Southbound,N,1144744,2,10,6
13811,Eastbound,W,1144816,2,10,6
13811,Westbound,W,1144816,2,10,6
13811,Eastbound,E,2689046,2,10,6
13811,Westbound,E,2689046,2,10,6
14869,Northbound,N,7470,2,10,6
14869,Southbound,N,7470,2,10,6
14869,Northbound,S,14051000,2,10,6
14869,Southbound,S,14051000,2,10,6
14869,Eastbound,W,14050981,2,10,6
14869,Westbound,W,14050981,2,10,6
14869,Eastbound,E,7469,2,10,6
14869,Westbound,E,7469,2,10,6
20298,Northbound,N,30017463,2,10,6
20298,Southbound,N,30017463,2,10,6
20298,Northbound,S,14022592,2,10,6
20298,Southbound,S,14022592,2,10,6
20298,Eastbound,W,1142199,2,10,6
20298,Westbound,W,1142199,2,10,6
20298,Eastbound,E,1142163,2,10,6
20298,Westbound,E,1142163,2,10,6
22714,Northbound,N,8419,2,10,6
22714,Southbound,N,8419,2,10,6
22714,Northbound,S,8594,2,10,6
22714,Southbound,S,8594,2,10,6
22714,Eastbound,W,30006087,2,10,6
22714,Westbound,W,30006087,2,10,6
22714,Eastbound,E,8417,2,10,6
22714,Westbound,E,8417,2,10,6
23204,Northbound,N,20260229,2,10,6
23204,Southbound,N,20260229,2,10,6
23204,Northbound,S,1139723,2,10,6
23204,Southbound,S,1139723,2,10,6
23204,Eastbound,W,14232499,2,10,6
23204,Westbound,W,14232499,2,10,6
23204,Eastbound,E,20141111,2,10,6
23204,Westbound,E,20141111,2,10,6
23331,Northbound,N,7402,2,10,6
23331,Southbound,N,7402,2,10,6
23331,Northbound,S,30017559,2,10,6
23331,Southbound,S,30017559,2,10,6
23331,Eastbound,W,20010472,2,10,6
23331,Westbound,W,20010472,2,10,6
23331,Eastbound,E,20010443,2,10,6
23331,Westbound,E,20010443,2,10,6
24213,Northbound,N,106517,2,10,6
24213,Southbound,N,106517,2,10,6
24213,Northbound,S,106527,2,10,6
24213,Southbound,S,106527,2,10,6
24878,Northbound,N,20111834,2,10,6
24878,Southbound,N,20111834,2,10,6
24878,Northbound,S,7553549,2,10,6
24878,Southbound,S,7553549,2,10,6
24878,Eastbound,W,30075899,2,10,6
24878,Westbound,W,30075899,2,10,6
24878,Eastbound,E,3121358,2,10,6
24878,Westbound,E,3121358,2,10,6
28070,Northbound,N,14016102,2,10,6
28070,Southbound,N,14016102,2,10,6
28070,Northbound,S,14016124,2,10,6
28070,Southbound,S,14016124,2,10,6
28070,Eastbound,W,1140012,2,10,6
28070,Westbound,W,1140012,2,10,6
28070,Eastbound,E,10367572,2,10,6
28070,Westbound,E,10367572,2,10,6
28071,Northbound,N,14016094,2,10,6
28071,Southbound,N,14016094,2,10,6
28071,Northbound,S,1140362,2,10,6
28071,Southbound,S,1140362,2,10,6
28071,Eastbound,W,1140029,2,10,6
28071,Westbound,W,1140029,2,10,6
28071,Eastbound,E,1140012,2,10,6
28071,Westbound,E,1140012,2,10,6
28281,Northbound,N,1116,2,10,6
28281,Southbound,N,1116,2,10,6
28281,Northbound,S,20041963,2,10,6
28281,Southbound,S,20041963,2,10,6
28281,Eastbound,W,1133,2,10,6
28281,Westbound,W,1133,2,10,6
28281,Eastbound,E,3232748,2,10,6
28281,Westbound,E,3232748,2,10,6
30280,Northbound,N,112961,2,10,6
30280,Southbound,N,112961,2,10,6
30280,Northbound,S,8237825,2,10,6
30280,Southbound,S,8237825,2,10,6
30280,Eastbound,W,8237684,2,10,6
30280,Westbound,W,8237684,2,10,6
30280,Eastbound,E,4819765,2,10,6
30280,Westbound,E,4819765,2,10,6
30295,Northbound,N,112937,2,10,6
30295,Southbound,N,112937,2,10,6
30295,Northbound,S,112979,2,10,6
30295,Southbound,S,112979,2,10,6
30295,Eastbound,W,112943,2,10,6
30295,Westbound,W,112943,2,10,6
30295,Eastbound,E,112936,2,10,6
30295,Westbound,E,112936,2,10,6
31501,Eastbound,W,14073965,2,10,6
31501,Westbound,W,14073965,2,10,6
31501,Eastbound,E,14073964,2,10,6
31501,Westbound,E,14073964,2,10,6
32574,Northbound,N,14022569,2,10,6
32574,Southbound,N,14022569,2,10,6
32574,Northbound,S,14171638,2,10,6
32574,Southbound,S,14171638,2,10,6
32574,Eastbound,W,14171607,2,10,6
32574,Westbound,W,14171607,2,10,6
32574,Eastbound,E,8407995,2,10,6
32574,Westbound,E,8407995,2,10,6
32575,Northbound,N,14016751,2,10,6
32575,Southbound,N,14016751,2,10,6
32575,Northbound,S,20080665,2,10,6
32575,Southbound,S,20080665,2,10,6
32575,Eastbound,W,14064632,2,10,6
32575,Westbound,W,14064632,2,10,6
32575,Eastbound,E,14016798,2,10,6
32575,Westbound,E,14016798,2,10,6
35205,Northbound,N,30023599,2,10,6
35205,Southbound,N,30023599,2,10,6
35205,Northbound,S,30023585,2,10,6
35205,Southbound,S,30023585,2,10,6
36477,Northbound,N,8824030,2,10,6
36477,Southbound,N,8824030,2,10,6
36477,Northbound,S,7862433,2,10,6
36477,Southbound,S,7862433,2,10,6
36477,Eastbound,W,6238151,2,10,6
36477,Westbound,W,6238151,2,10,6
36477,Eastbound,E,6195239,2,10,6
36477,Westbound,E,6195239,2,10,6
37865,Northbound,N,107624,2,10,6
37865,Southbound,N,107624,2,10,6
37865,Northbound,S,107695,2,10,6
37865,Southbound,S,107695,2,10,6
37865,Eastbound,W,107682,2,10,6
37865,Westbound,W,107682,2,10,6
37865,Eastbound,E,11466889,2,10,6
37865,Westbound,E,11466889,2,10,6
37875,Northbound,N,112675,2,10,6
37875,Southbound,N,112675,2,10,6
37875,Northbound,S,2312030,2,10,6
37875,Southbound,S,2312030,2,10,6
37875,Eastbound,W,112691,2,10,6
37875,Westbound,W,112691,2,10,6
37875,Eastbound,E,112674,2,10,6
37875,Westbound,E,112674,2,10,6
3926,Eastbound,E,1146011,2,10,6
3926,Westbound,E,1146011,2,10,6
3926,Northbound,S,14015865,2,10,6
3926,Southbound,S,14015865,2,10,6
3926,Eastbound,W,8265330,2,10,6
3926,Westbound,W,8265330,2,10,6
3943,Eastbound,E,14253384,2,10,6
3943,Westbound,E,14253384,2,10,6
3943,Northbound,N,8594395,2,10,6
3943,Southbound,N,8594395,2,10,6
3943,Northbound,S,654,2,10,6
3943,Southbound,S,654,2,10,6
3943,Eastbound,W,20042173,2,10,6
3943,Westbound,W,20042173,2,10,6
3950,Eastbound,E,14666456,2,10,6
3950,Westbound,E,14666456,2,10,6
3950,Northbound,N,111733,2,10,6
3950,Southbound,N,111733,2,10,6
3950,Northbound,S,2016044,2,10,6
3950,Southbound,S,2016044,2,10,6
3950,Eastbound,W,111762,2,10,6
3950,Westbound,W,111762,2,10,6
3953,Eastbound,E,20112785,2,10,6
3953,Westbound,E,20112785,2,10,6
3953,Northbound,N,8100562,2,10,6
3953,Southbound,N,8100562,2,10,6
3953,Northbound,S,108335,2,10,6
3953,Southbound,S,108335,2,10,6
3953,Eastbound,W,108297,2,10,6
3953,Westbound,W,108297,2,10,6
3959,Eastbound,E,10368089,2,10,6
3959,Westbound,E,10368089,2,10,6
3959,Northbound,N,440178,2,10,6
3959,Southbound,N,440178,2,10,6
3959,Northbound,S,10459275,2,10,6
3959,Southbound,S,10459275,2,10,6
3959,Eastbound,W,10459142,2,10,6
3959,Westbound,W,10459142,2,10,6
3969,Eastbound,E,907386,2,10,6
3969,Westbound,E,907386,2,10,6
3969,Northbound,N,907387,2,10,6
3969,Southbound,N,907390,2,10,6
3969,Northbound,S,30001195,2,10,6
3969,Southbound,S,30001198,2,10,6
3969,Eastbound,W,20232385,2,10,6
3969,Westbound,W,20232385,2,10,6
3974,Eastbound,E,5625788,2,10,6
3974,Westbound,E,5625788,2,10,6
3974,Northbound,N,446662,2,10,6
3974,Southbound,N,446662,2,10,6
3974,Northbound,S,446666,2,10,6
3974,Southbound,S,446666,2,10,6
3974,Eastbound,W,446662,2,10,6
3974,Westbound,W,446662,2,10,6
4034,Northbound,N,2215085,2,10,6
4034,Southbound,N,2215085,2,10,6
4034,Northbound,S,1143578,2,10,6
4034,Southbound,S,1143578,2,10,6
4034,Eastbound,W,14014007,2,10,6
4034,Westbound,W,14014007,2,10,6
4197,Westbound,E,6341291,2,10,6
4197,Southbound,N,6341247,2,10,6
4197,Westbound,W,1142935,2,10,6
4243,Westbound,E,2633805,2,10,6
4243,Northbound,N,8536083,2,10,6
4243,Southbound,N,8536083,2,10,6
4243,Northbound,S,7753909,2,10,6
4243,Southbound,S,7753909,2,10,6
4243,Westbound,W,20054199,2,10,6
4342,Eastbound,E,2633805,2,10,6
4342,Northbound,N,441328,2,10,6
4342,Southbound,N,441328,2,10,6
4342,Northbound,S,441373,2,10,6
4342,Southbound,S,441373,2,10,6
4342,Eastbound,W,11541970,2,10,6
4342,Westbound,W,11541970,2,10,6
4414,Eastbound,E,444763,2,10,6
4414,Westbound,E,444763,2,10,6
4414,Northbound,N,8649749,2,10,6
4414,Southbound,N,8649749,2,10,6
4414,Northbound,S,444999,2,10,6
4414,Southbound,S,444999,2,10,6
4414,Eastbound,W,8609194,2,10,6
4414,Westbound,W,8609194,2,10,6
4440,Eastbound,E,14677598,2,10,6
4440,Westbound,E,14677598,2,10,6
4440,Northbound,S,906673,2,10,6
4440,Southbound,S,906673,2,10,6
4455,Eastbound,E,112953,2,10,6
4455,Westbound,E,112953,2,10,6
4455,Northbound,N,112954,2,10,6
4455,Southbound,N,112954,2,10,6
4455,Northbound,S,112988,2,10,6
4455,Southbound,S,112988,2,10,6
4455,Eastbound,W,112964,2,10,6
4455,Westbound,W,112964,2,10,6
4571,Eastbound,E,14254832,2,10,6
4571,Westbound,E,14254832,2,10,6
4571,Northbound,N,14254832,2,10,6
4571,Southbound,N,14254832,2,10,6
4571,Northbound,S,841,2,10,6
4571,Southbound,S,841,2,10,6
4571,Eastbound,W,791,2,10,6
4571,Westbound,W,791,2,10,6
4585,Northbound,N,1140207,2,10,6
4585,Southbound,N,1140207,2,10,6
4585,Northbound,S,10663886,2,10,6
4585,Southbound,S,10663886,2,10,6
4691,Northbound,N,13971323,2,10,9
4691,Southbound,N,13971323,2,10,9
4691,Eastbound,W,13971323,2,10,9
4691,Westbound,W,13971323,2,10,9
4721,Eastbound,E,825,2,10,6
4721,Westbound,E,825,2,10,6
4721,Northbound,N,821,2,10,6
4721,Southbound,N,821,2,10,6
4721,Northbound,S,14072860,2,10,6
4721,Southbound,S,14072860,2,10,6
4721,Eastbound,W,820,2,10,6
4721,Westbound,W,820,2,10,6
4738,Eastbound,E,9950387,2,10,9
4738,Westbound,E,9950387,2,10,9
4738,Northbound,N,9950387,2,10,9
4738,Southbound,N,9950387,2,10,9
4786,Eastbound,E,106859,2,10,6
4786,Westbound,E,106859,2,10,6
4786,Northbound,N,4940118,2,10,6
4786,Southbound,N,4940118,2,10,6
4786,Northbound,S,30001937,2,10,6
4786,Southbound,S,30001937,2,10,6
4786,Eastbound,W,106814,2,10,6
4786,Westbound,W,106814,2,10,6
4796,Eastbound,E,1140726,2,10,6
4796,Westbound,E,1140726,2,10,6
4796,Northbound,N,7992364,2,10,6
4796,Southbound,N,7992364,2,10,6
4796,Northbound,S,1140925,2,10,6
4796,Southbound,S,1140925,2,10,6
4796,Eastbound,W,1140728,2,10,6
4796,Westbound,W,1140728,2,10,6
4810,Eastbound,E,7348642,2,10,6
4810,Westbound,E,7348642,2,10,6
4810,Northbound,N,30011819,2,10,6
4810,Southbound,N,30011819,2,10,6
4810,Northbound,S,111671,2,10,6
4810,Southbound,S,111671,2,10,6
4810,Eastbound,W,111648,2,10,6
4810,Westbound,W,111648,2,10,6
4867,Northbound,N,1143833,2,10,6
4867,Southbound,N,1143833,2,10,6
4867,Northbound,S,30039399,2,10,6
4867,Southbound,S,30039399,2,10,6
4867,Eastbound,W,14014042,2,10,6
4867,Westbound,W,14014042,2,10,6
4875,Eastbound,E,2884176,2,10,6
4875,Westbound,E,2884176,2,10,6
4875,Northbound,N,2884227,2,10,6
4875,Southbound,N,2884227,2,10,6
4875,Northbound,S,8754471,2,10,6
4875,Southbound,S,8754471,2,10,6
4875,Eastbound,W,112092,2,10,6
4875,Westbound,W,112092,2,10,6
4962,Eastbound,E,8680749,2,10,6
4962,Westbound,E,8680749,2,10,6
4962,Northbound,N,736,2,10,6
4962,Southbound,N,736,2,10,6
4962,Northbound,S,851,2,10,6
4962,Southbound,S,851,2,10,6
4962,Eastbound,W,14253406,2,10,6
4962,Westbound,W,14253406,2,10,6
5201,Eastbound,E,8761,2,10,6
5201,Westbound,E,8761,2,10,6
5201,Northbound,N,8755,2,10,6
5201,Southbound,N,8755,2,10,6
5201,Northbound,S,20113015,2,10,6
5201,Southbound,S,20113015,2,10,6
5201,Eastbound,W,10367368,2,10,6
5201,Westbound,W,10367368,2,10,6
5202,Eastbound,E,7878,2,10,6
5202,Westbound,E,7878,2,10,6
5202,Northbound,N,7829,2,10,6
5202,Southbound,N,7829,2,10,6
5202,Northbound,S,8028,2,10,6
5202,Southbound,S,8028,2,10,6
5202,Eastbound,W,7206707,2,10,6
5202,Westbound,W,7206707,2,10,6
5364,Eastbound,E,7968,2,10,6
5364,Westbound,E,7968,2,10,6
5364,Northbound,N,2302332,2,10,6
5364,Southbound,N,2302332,2,10,6
5364,Northbound,S,10706173,2,10,6
5364,Southbound,S,10706173,2,10,6
5364,Eastbound,W,7932,2,10,6
5364,Westbound,W,7932,2,10,6
5373,Eastbound,E,20080626,2,10,6
5373,Westbound,E,20080601,2,10,6
5373,Northbound,N,20080593,2,10,6
5373,Southbound,N,20080593,2,10,6
5373,Northbound,S,20080622,2,10,6
5373,Southbound,S,20080622,2,10,6
5462,Eastbound,E,914146,2,10,6
5462,Westbound,E,914146,2,10,6
5462,Northbound,N,30073849,2,10,6
5462,Southbound,N,30073849,2,10,6
5462,Northbound,S,914190,2,10,6
5462,Southbound,S,914285,2,10,6
5513,Eastbound,E,437883,2,10,6
5513,Westbound,E,437881,2,10,6
5513,Northbound,N,437882,2,10,6
5513,Southbound,N,437882,2,10,6
5513,Northbound,S,438089,2,10,6
5513,Southbound,S,438089,2,10,6
5559,Northbound,N,913102,2,10,6
5559,Southbound,N,913102,2,10,6
5559,Northbound,S,30069697,2,10,6
5559,Southbound,S,30069697,2,10,6
5559,Westbound,W,30069694,2,10,6
5573,Eastbound,E,436101,2,10,6
5573,Westbound,E,436101,2,10,6
5573,Northbound,S,436232,2,10,6
5573,Southbound,S,436109,2,10,6
5573,Eastbound,W,14304237,2,10,6
5573,Westbound,W,14304237,2,10,6
5590,Eastbound,E,3484504,2,10,6
5590,Westbound,E,3484504,2,10,6
5590,Northbound,N,3484504,2,10,6
5590,Southbound,N,3484504,2,10,6
5590,Northbound,S,110413,2,10,6
5590,Southbound,S,110413,2,10,6
5590,Eastbound,W,110384,2,10,6
5590,Westbound,W,110384,2,10,6
5605,Northbound,N,112813,2,10,6
5605,Southbound,N,112813,2,10,6
5605,Northbound,S,112861,2,10,6
5605,Southbound,S,112861,2,10,6
5610,Eastbound,E,9848317,2,10,6
5610,Westbound,E,9848317,2,10,6
5610,Northbound,N,8089,2,10,6
5610,Southbound,N,8089,2,10,6
5610,Northbound,S,8175,2,10,6
5610,Southbound,S,8175,2,10,6
5610,Eastbound,W,8090,2,10,6
5610,Westbound,W,8090,2,10,6
5625,Eastbound,E,30076890,2,10,6
5625,Westbound,E,30076890,2,10,6
5625,Northbound,N,1146606,2,10,6
5625,Southbound,N,1146606,2,10,6
5625,Northbound,S,7617736,2,10,6
5625,Southbound,S,7617736,2,10,6
5625,Eastbound,W,7617692,2,10,6
5625,Westbound,W,7617692,2,10,6
5655,Eastbound,E,111053,2,10,6
5655,Westbound,E,111053,2,10,6
5655,Northbound,N,111054,2,10,6
5655,Southbound,N,111054,2,10,6
5655,Northbound,S,111097,2,10,6
5655,Southbound,S,111097,2,10,6
5655,Eastbound,W,111123,2,10,6
5655,Westbound,W,111123,2,10,6
5688,Northbound,N,14018242,2,10,6
5688,Southbound,N,14018242,2,10,6
5688,Eastbound,W,14039234,2,10,6
5688,Westbound,W,14039234,2,10,6
5938,Westbound,E,13502871,2,10,6
5938,Northbound,N,105484,2,10,6
5938,Southbound,N,105484,2,10,6
5938,Northbound,S,105605,2,10,6
5938,Southbound,S,105605,2,10,6
5938,Westbound,W,105696,2,10,6
5954,Eastbound,E,8443,2,10,6
5954,Westbound,E,8443,2,10,6
5954,Northbound,N,8307,2,10,6
5954,Southbound,N,8307,2,10,6
5954,Northbound,S,14067459,2,10,6
5954,Southbound,S,14067459,2,10,6
5954,Eastbound,W,8837556,2,10,6
5954,Westbound,W,8837556,2,10,6
6014,Eastbound,E,112799,2,10,6
6014,Westbound,E,112800,2,10,6
6014,Northbound,S,30054229,2,10,6
6014,Southbound,S,30054229,2,10,6
6014,Eastbound,W,4355284,2,10,6
6014,Westbound,W,4355284,2,10,6
6204,Eastbound,E,7466844,2,10,6
6204,Westbound,E,7466844,2,10,6
6204,Northbound,N,1144630,2,10,6
6204,Southbound,N,1144630,2,10,6
6204,Northbound,S,7399038,2,10,6
6204,Southbound,S,7399038,2,10,6
6204,Eastbound,W,1144740,2,10,6
6204,Westbound,W,1144740,2,10,6
6284,Eastbound,E,111785,2,10,6
6284,Westbound,E,111785,2,10,6
6284,Northbound,N,111786,2,10,6
6284,Southbound,N,111786,2,10,6
6284,Northbound,S,111813,2,10,6
6284,Southbound,S,111813,2,10,6
6284,Eastbound,W,30015906,2,10,6
6284,Westbound,W,30015906,2,10,6
6465,Eastbound,E,30076967,2,10,6
6465,Westbound,E,30076967,2,10,6
6465,Northbound,N,30076965,2,10,6
6465,Southbound,N,30076965,2,10,6
6465,Northbound,S,1141641,2,10,6
6465,Southbound,S,1141641,2,10,6
6465,Eastbound,W,8492575,2,10,6
6465,Westbound,W,8492575,2,10,6
6667,Eastbound,E,112423,2,10,6
6667,Westbound,E,112423,2,10,6
6667,Northbound,N,112424,2,10,6
6667,Southbound,N,112424,2,10,6
6667,Northbound,S,4503983,2,10,6
6667,Southbound,S,4503983,2,10,6
6667,Eastbound,W,20146725,2,10,6
6667,Westbound,W,20146725,2,10,6
7281,Northbound,N,3324102,2,10,6
7281,Southbound,N,7641410,2,10,6
7281,Northbound,S,7641278,2,10,6
7281,Southbound,S,7641278,2,10,6
7281,Eastbound,W,14615205,2,10,6
7281,Westbound,W,14615205,2,10,6
9793,Eastbound,E,7130472,2,10,6
9793,Westbound,E,7130472,2,10,6
9793,Northbound,N,7130464,2,10,6
9793,Southbound,N,7130464,2,10,6
9793,Northbound,S,7130493,2,10,6
9793,Southbound,S,7130493,2,10,6
9793,Eastbound,W,1137637,2,10,6
9793,Westbound,W,1137637,2,10,6
11122,Northbound,N,6341041,2,10,6
11122,Northbound,S,30030180,2,10,6
11324,Eastbound,E,7553950,2,10,6
11324,Westbound,E,7553950,2,10,6
11324,Northbound,N,14025058,2,10,6
11324,Southbound,N,14025058,2,10,6
11324,Northbound,S,8491846,2,10,6
11324,Southbound,S,8491846,2,10,6
11324,Eastbound,W,14025230,2,10,6
11324,Westbound,W,14025230,2,10,6
11826,Eastbound,E,437260,2,10,6
11826,Westbound,E,437260,2,10,6
11826,Northbound,N,437237,2,10,6
11826,Southbound,N,437237,2,10,6
11826,Northbound,S,437330,2,10,6
11826,Southbound,S,437330,2,10,6
11826,Eastbound,W,437238,2,10,6
11826,Westbound,W,437238,2,10,6
11897,Northbound,N,1140112,2,10,6
11897,Southbound,N,1140112,2,10,6
11897,Southbound,S,1140655,2,10,6
11897,Eastbound,W,2923714,2,10,6
11897,Westbound,W,2923714,2,10,6
12028,Eastbound,E,1335,2,10,6
12028,Westbound,E,1335,2,10,6
12028,Northbound,N,1325,2,10,6
12028,Southbound,N,1325,2,10,6
12028,Northbound,S,20081426,2,10,6
12028,Southbound,S,20081426,2,10,6
12028,Eastbound,W,1345,2,10,6
12028,Westbound,W,1345,2,10,6
12115,Eastbound,E,1141758,2,10,6
12115,Westbound,E,1141758,2,10,6
12115,Northbound,N,14021124,2,10,6
12115,Southbound,N,14021124,2,10,6
12115,Northbound,S,1141900,2,10,6
12115,Southbound,S,1141900,2,10,6
12115,Eastbound,W,14037715,2,10,6
12115,Westbound,W,14037715,2,10,6
12119,Eastbound,E,14021154,2,10,6
12119,Westbound,E,14021154,2,10,6
12119,Northbound,N,1141672,2,10,6
12119,Southbound,N,1141672,2,10,6
12119,Northbound,S,7950454,2,10,6
12119,Southbound,S,7950454,2,10,6
12119,Eastbound,W,14021106,2,10,6
12119,Westbound,W,14021106,2,10,6
12189,Eastbound,E,1140924,2,10,6
12189,Westbound,E,1140924,2,10,6
12189,Northbound,N,1140925,2,10,6
12189,Southbound,N,1140925,2,10,6
12189,Eastbound,W,1140983,2,10,6
12189,Westbound,W,1140983,2,10,6
12429,Eastbound,E,308,2,10,6
12429,Westbound,E,308,2,10,6
12429,Northbound,N,307,2,10,6
12429,Southbound,N,307,2,10,6
12429,Northbound,S,343,2,10,6
12429,Southbound,S,343,2,10,6
12429,Eastbound,W,343,2,10,6
12429,Westbound,W,343,2,10,6
15148,Eastbound,E,8260485,2,10,6
15148,Westbound,E,8260485,2,10,6
15148,Northbound,N,1143731,2,10,6
15148,Southbound,N,1143731,2,10,6
15148,Northbound,S,9135320,2,10,6
15148,Southbound,S,9135320,2,10,6
15148,Eastbound,W,14013971,2,10,6
15148,Westbound,W,14013971,2,10,6
21008,Eastbound,E,1141537,2,10,6
21008,Westbound,E,1141537,2,10,6
21008,Northbound,N,7950472,2,10,6
21008,Southbound,N,7950472,2,10,6
21008,Northbound,S,1141672,2,10,6
21008,Southbound,S,1141672,2,10,6
21008,Eastbound,W,2981086,2,10,6
21008,Westbound,W,2981086,2,10,6
24079,Eastbound,E,8837556,2,10,6
24079,Westbound,E,8837556,2,10,6
24079,Northbound,N,11129868,2,10,6
24079,Southbound,N,11129868,2,10,6
24079,Northbound,S,14067447,2,10,6
24079,Southbound,S,14067447,2,10,6
24079,Eastbound,W,8243,2,10,6
24079,Westbound,W,8243,2,10,6
24187,Eastbound,E,12387603,2,10,6
24187,Westbound,E,12387603,2,10,6
24187,Northbound,N,907361,2,10,6
24187,Southbound,N,907361,2,10,6
24187,Northbound,S,20232408,2,10,6
24187,Southbound,S,20232408,2,10,6
24187,Eastbound,W,20232381,2,10,6
24187,Westbound,W,20232381,2,10,6
25913,Northbound,N,8407197,2,10,9
25913,Southbound,N,8407197,2,10,9
25913,Eastbound,W,908520,2,10,9
25913,Westbound,W,908520,2,10,9
26224,Eastbound,E,3369758,2,10,6
26224,Westbound,E,3369758,2,10,6
26224,Northbound,N,6973860,2,10,6
26224,Southbound,N,6973860,2,10,6
26224,Northbound,S,9392788,2,10,6
26224,Southbound,S,9392788,2,10,6
26360,Eastbound,E,791,2,10,6
26360,Westbound,E,791,2,10,6
26360,Northbound,N,13991148,2,10,6
26360,Southbound,N,13991148,2,10,6
26360,Northbound,S,804,2,10,6
26360,Southbound,S,804,2,10,6
26360,Eastbound,W,8680749,2,10,6
26360,Westbound,W,8680749,2,10,6
28039,Eastbound,E,441245,2,10,6
28039,Westbound,E,441245,2,10,6
28039,Northbound,N,441195,2,10,6
28039,Southbound,N,441195,2,10,6
28039,Northbound,S,441437,2,10,6
28039,Southbound,S,441437,2,10,6
28039,Eastbound,W,441196,2,10,6
28039,Westbound,W,441196,2,10,6
28280,Eastbound,E,1116,2,10,6
28280,Westbound,E,1116,2,10,6
28280,Northbound,N,1117,2,10,6
28280,Southbound,N,1117,2,10,6
28280,Northbound,S,1191,2,10,6
28280,Southbound,S,1191,2,10,6
28280,Eastbound,W,7523481,2,10,6
28280,Westbound,W,7523481,2,10,6
28953,Eastbound,E,1139388,2,10,6
28953,Westbound,E,1139388,2,10,6
28953,Northbound,N,14015981,2,10,6
28953,Southbound,N,14015981,2,10,6
28953,Northbound,S,10494084,2,10,6
28953,Southbound,S,10494084,2,10,6
28953,Eastbound,W,10516533,2,10,6
28953,Westbound,W,10516533,2,10,6
28968,Eastbound,E,103346,2,10,6
28968,Westbound,E,103346,2,10,6
28968,Southbound,N,103347,2,10,6
28968,Northbound,S,30002425,2,10,6
28968,Southbound,S,30002425,2,10,6
28968,Eastbound,W,30002427,2,10,6
28968,Westbound,W,30002427,2,10,6
29515,Eastbound,E,14662276,2,10,6
29515,Westbound,E,14662276,2,10,6
29515,Northbound,S,30008122,2,10,6
29515,Southbound,S,30008122,2,10,6
29515,Eastbound,W,1147347,2,10,6
29515,Westbound,W,1147347,2,10,6
29525,Eastbound,E,14254066,2,10,6
29525,Southbound,S,30010586,2,10,6
29525,Eastbound,W,14254065,2,10,6
29853,Eastbound,E,9909732,2,10,6
29853,Westbound,E,9909732,2,10,6
29853,Northbound,S,7754192,2,10,6
29853,Southbound,S,7754192,2,10,6
29853,Eastbound,W,1142386,2,10,6
29853,Westbound,W,1142386,2,10,6
30142,Eastbound,E,11034953,2,10,6
30142,Westbound,E,11034953,2,10,6
30142,Northbound,N,1140734,2,10,6
30142,Southbound,N,1140734,2,10,6
30142,Northbound,S,1140858,2,10,6
30142,Southbound,S,1140858,2,10,6
30142,Eastbound,W,30089765,2,10,6
30142,Westbound,W,30089765,2,10,6
31076,Eastbound,E,364,2,10,6
31076,Westbound,E,364,2,10,6
31076,Northbound,N,335,2,10,6
31076,Southbound,N,335,2,10,6
31076,Northbound,S,384,2,10,6
31076,Southbound,S,384,2,10,6
31081,Eastbound,E,30062735,2,10,6
31081,Westbound,E,30062735,2,10,6
31081,Northbound,S,1138891,2,10,6
31081,Southbound,S,1138891,2,10,6
31081,Eastbound,W,1138853,2,10,6
31081,Westbound,W,1138853,2,10,6
31119,Eastbound,E,20232386,2,10,6
31119,Westbound,E,20232386,2,10,6
31119,Northbound,N,907407,2,10,6
31119,Southbound,N,907407,2,10,6
31119,Northbound,S,20232413,2,10,6
31119,Southbound,S,20232413,2,10,6
31119,Eastbound,W,12387603,2,10,6
31119,Westbound,W,12387603,2,10,6
31502,Eastbound,E,6453793,2,10,6
31502,Westbound,E,6453793,2,10,6
31502,Northbound,N,1151,2,10,6
31502,Southbound,N,1151,2,10,6
31502,Northbound,S,1249,2,10,6
31502,Southbound,S,1249,2,10,6
31502,Eastbound,W,1192,2,10,6
31502,Westbound,W,1192,2,10,6
31530,Eastbound,E,20040174,2,10,6
31530,Westbound,E,20040174,2,10,6
31530,Northbound,N,20062075,2,10,6
31530,Southbound,N,20062075,2,10,6
31530,Northbound,S,10340176,2,10,6
31530,Southbound,S,10340176,2,10,6
31530,Eastbound,W,30080481,2,10,6
31530,Westbound,W,30080481,2,10,6
31899,Eastbound,E,30040112,2,10,6
31899,Westbound,E,30040112,2,10,6
31899,Northbound,N,7963589,2,10,6
31899,Southbound,N,7963589,2,10,6
31899,Northbound,S,7963578,2,10,6
31899,Southbound,S,7963578,2,10,6
31899,Eastbound,W,1139760,2,10,6
31899,Westbound,W,1139760,2,10,6
32585,Northbound,N,914520,2,10,6
32585,Southbound,N,914520,2,10,6
32585,Northbound,S,914570,2,10,6
32585,Southbound,S,914570,2,10,6
32861,Eastbound,E,440668,2,10,6
32861,Westbound,E,440668,2,10,6
32861,Northbound,S,440703,2,10,6
32861,Southbound,S,440703,2,10,6
32861,Eastbound,W,30004707,2,10,6
32861,Westbound,W,30004707,2,10,6
33554,Eastbound,E,8947513,2,10,6
33554,Westbound,E,8947513,2,10,6
33554,Northbound,N,1138579,2,10,6
33554,Southbound,N,1138579,2,10,6
33554,Northbound,S,7324285,2,10,6
33554,Southbound,S,7324285,2,10,6
33755,Eastbound,E,14067926,2,10,6
33755,Westbound,E,14067926,2,10,6
33755,Northbound,N,20042497,2,10,6
33755,Southbound,N,20042497,2,10,6
33755,Northbound,S,8145,2,10,6
33755,Southbound,S,8145,2,10,6
33755,Eastbound,W,14068267,2,10,6
33755,Westbound,W,14068267,2,10,6
34793,Northbound,S,30090495,2,10,9
34793,Southbound,S,30090495,2,10,9
35068,Westbound,E,440858,2,10,6
35068,Northbound,N,3306871,2,10,6
35068,Eastbound,W,440930,2,10,6
35068,Westbound,W,440932,2,10,6
35962,Eastbound,E,209,2,10,6
35962,Westbound,E,209,2,10,6
35962,Northbound,N,210,2,10,6
35962,Southbound,N,210,2,10,6
35962,Northbound,S,237,2,10,6
35962,Southbound,S,237,2,10,6
35962,Eastbound,W,212,2,10,6
35962,Westbound,W,212,2,10,6
36205,Eastbound,E,106715,2,10,6
36205,Westbound,E,106715,2,10,6
36205,Northbound,N,106682,2,10,6
36205,Southbound,N,106682,2,10,6
36205,Northbound,S,2216265,2,10,6
36205,Southbound,S,2216265,2,10,6
36205,Eastbound,W,106683,2,10,6
36205,Westbound,W,106683,2,10,6
36482,Eastbound,E,1138928,2,10,6
36482,Westbound,E,1138928,2,10,6
36482,Northbound,N,1138898,2,10,6
36482,Southbound,N,1138898,2,10,6
36482,Northbound,S,1138941,2,10,6
36482,Southbound,S,1138941,2,10,6
36482,Eastbound,W,1138898,2,10,6
36482,Westbound,W,1138898,2,10,6
36908,Eastbound,E,30074730,2,10,6
36908,Westbound,E,30074730,2,10,6
38016,Eastbound,E,107158,2,10,6
38016,Northbound,N,3633142,2,10,6
38016,Southbound,N,3633142,2,10,6
38016,Northbound,S,107172,2,10,6
38016,Southbound,S,107172,2,10,6
3944,Northbound,N,8609163,2,10,6
3944,Southbound,N,8609163,2,10,6
3944,Northbound,S,14173565,2,10,6
3944,Southbound,S,14173565,2,10,6
3944,Eastbound,E,14676155,2,10,6
3944,Westbound,E,14676155,2,10,6
5630,Eastbound,E,1143206,2,10,6
5630,Eastbound,W,8416891,2,10,6
5630,Northbound,N,14011752,2,10,6
5630,Westbound,E,1143206,2,10,6
5630,Westbound,W,8416891,2,10,6
5630,Southbound,N,14011752,2,10,6
5630,Northbound,S,1143413,2,10,6
5630,Southbound,S,1143413,2,10,6
38014,Eastbound,W,107376,2,10,6
38014,Northbound,N,3633149,2,10,6
38014,Southbound,N,3633149,2,10,6
38014,Northbound,S,107598,2,10,6
38014,Southbound,S,107598,2,10,6
37197,Eastbound,E,8417318,2,10,6
37197,Northbound,N,20048855,2,10,6
37197,Northbound,S,10386590,2,10,6
37197,Westbound,E,8417318,2,10,6
37197,Southbound,N,20048855,2,10,6
37197,Southbound,S,10386590,2,10,6
5881,Eastbound,E,8594649,2,10,6
5881,Eastbound,W,8608450,2,10,6
5881,Northbound,S,14066945,2,10,6
5881,Westbound,E,8594649,2,10,6
5881,Westbound,W,8608450,2,10,6
5881,Southbound,S,14066945,2,10,6
5881,Northbound,N,14037043,2,10,6
5881,Southbound,N,14037043,2,10,6
6370,Northbound,N,13516267,2,10,6
6370,Southbound,N,13516267,2,10,6
6370,Northbound,S,14021700,2,10,6
6370,Southbound,S,14021700,2,10,6
6370,Eastbound,E,1141702,2,10,6
6370,Westbound,E,1141702,2,10,6
11237,Northbound,S,8307,2,10,6
11237,Southbound,S,8307,2,10,6
11237,Eastbound,E,8540614,2,10,6
11237,Westbound,E,8540614,2,10,6
11237,Eastbound,W,8564418,2,10,6
11237,Westbound,W,8564418,2,10,6
28995,Eastbound,E,10561007,2,10,6
28995,Eastbound,W,4020931,2,10,6
28995,Northbound,S,20259264,2,10,6
28995,Southbound,S,20259264,2,10,6
29005,Northbound,N,440617,2,10,6
29005,Northbound,S,440647,2,10,6
29666,Northbound,N,13975174,2,10,6
29666,Northbound,S,13975173,2,10,6
29666,Eastbound,E,13975209,2,10,6
29666,Westbound,E,13975209,2,10,6
29666,Eastbound,W,13975199,2,10,6
29666,Westbound,W,13975199,2,10,6
31102,Northbound,N,14659533,2,10,6
31102,Southbound,N,14659533,2,10,6
31102,Northbound,S,7103121,2,10,6
31102,Southbound,S,7103121,2,10,6
31102,Eastbound,E,439723,2,10,6
31102,Westbound,E,439723,2,10,6
31102,Eastbound,W,3326996,2,10,6
31102,Westbound,W,3326996,2,10,6
31497,Northbound,N,7792724,2,10,6
31497,Southbound,N,7792724,2,10,6
31497,Northbound,S,7791757,2,10,6
31497,Southbound,S,7791757,2,10,6
31497,Eastbound,E,913243,2,10,6
31497,Westbound,E,913243,2,10,6
31497,Eastbound,W,3189174,2,10,6
31497,Westbound,W,3189174,2,10,6
4771,Northbound,S,906551,2,10,6
4771,Southbound,S,906553,2,10,6
4771,Eastbound,E,14659961,2,10,6
4771,Westbound,E,14659961,2,10,6
4771,Eastbound,W,906531,2,10,6
4771,Westbound,W,906531,2,10,6
4782,Northbound,N,7754370,2,10,6
4782,Southbound,N,7754370,2,10,6
4782,Northbound,S,30073947,2,10,6
4782,Southbound,S,30073947,2,10,6
4782,Eastbound,E,7847374,2,10,6
4782,Westbound,E,7847374,2,10,6
4782,Eastbound,W,3131290,2,10,6
4782,Westbound,W,3131290,2,10,6
4800,Northbound,N,9879233,2,10,6
4800,Southbound,N,9879233,2,10,6
4800,Northbound,S,8310,2,10,6
4800,Southbound,S,8310,2,10,6
4800,Eastbound,E,20112825,2,10,6
4800,Westbound,E,20112825,2,10,6
4800,Eastbound,W,8448,2,10,6
4800,Westbound,W,8448,2,10,6
4859,Northbound,N,914019,2,10,6
4859,Southbound,N,914021,2,10,6
4859,Eastbound,E,7325462,2,10,6
4859,Westbound,E,7325462,2,10,6
4859,Eastbound,W,914037,2,10,6
4859,Westbound,W,914037,2,10,6
6173,Northbound,N,6064458,2,10,6
6173,Southbound,N,6064458,2,10,6
6173,Northbound,S,444689,2,10,6
6173,Southbound,S,444689,2,10,6
6173,Eastbound,E,1903184,2,10,6
6173,Westbound,E,1903184,2,10,6
6173,Eastbound,W,444691,2,10,6
6173,Westbound,W,444691,2,10,6
6188,Southbound,N,1145031,2,10,6
6188,Northbound,S,7522996,2,10,6
6188,Southbound,S,7522996,2,10,6
6188,Eastbound,E,7531273,2,10,6
6188,Westbound,E,7531273,2,10,6
6188,Eastbound,W,2695772,2,10,6
6188,Westbound,W,2695772,2,10,6
27229,Northbound,N,437600,2,10,6
27229,Southbound,N,437600,2,10,6
27229,Northbound,S,437649,2,10,6
27229,Southbound,S,437649,2,10,6
27229,Eastbound,E,10906477,2,10,6
27229,Westbound,E,10906477,2,10,6
27229,Eastbound,W,437607,2,10,6
27229,Westbound,W,437607,2,10,6
28110,Northbound,N,111409,2,10,6
28110,Southbound,N,111409,2,10,6
28110,Northbound,S,14659154,2,10,6
28110,Southbound,S,14659154,2,10,6
28110,Eastbound,E,111407,2,10,6
28110,Westbound,E,111407,2,10,6
28110,Eastbound,W,8985610,2,10,6
28110,Westbound,W,8985610,2,10,6
32581,Northbound,N,2376168,2,10,6
32581,Southbound,N,2376168,2,10,6
32581,Northbound,S,7979414,2,10,6
32581,Southbound,S,7979414,2,10,6
32581,Eastbound,E,14014325,2,10,6
32581,Westbound,E,14014325,2,10,6
32581,Eastbound,W,14014241,2,10,6
32581,Westbound,W,14014241,2,10,6
5678,Northbound,S,444459,2,10,6
5678,Eastbound,E,30061209,2,10,6
5678,Eastbound,W,444252,2,10,6
5678,Westbound,W,20080557,2,10,6
5206,Northbound,N,30017819,2,10,6
5206,Southbound,N,910667,2,10,6
5206,Northbound,S,10663992,2,10,6
5206,Southbound,S,10663992,2,10,6
5206,Eastbound,E,10663903,2,10,6
5206,Westbound,E,10663903,2,10,6
5206,Westbound,W,30017792,2,10,6
4438,Northbound,N,906975,2,10,6
4438,Southbound,N,906980,2,10,6
4438,Northbound,S,907190,2,10,6
4438,Southbound,S,907198,2,10,6
4438,Eastbound,E,906974,2,10,6
4438,Westbound,E,906974,2,10,6
4438,Eastbound,W,907016,2,10,6
4438,Westbound,W,907016,2,10,6
5187,Northbound,N,1146052,2,10,6
5187,Southbound,N,1146052,2,10,6
5187,Northbound,S,1146072,2,10,6
5187,Southbound,S,1146072,2,10,6
5187,Eastbound,E,1146085,2,10,6
5187,Westbound,E,20102845,2,10,6
5187,Eastbound,W,1146181,2,10,6
5187,Westbound,W,30087988,2,10,6
4807,Northbound,N,906779,2,10,6
4807,Southbound,N,906777,2,10,6
4807,Northbound,S,906809,2,10,6
4807,Southbound,S,906813,2,10,6
4807,Eastbound,E,906786,2,10,6
4807,Westbound,E,906786,2,10,6
4807,Eastbound,W,906778,2,10,6
4807,Westbound,W,906778,2,10,6
5547,Northbound,N,907190,2,10,6
5547,Southbound,N,907198,2,10,6
5547,Northbound,S,907387,2,10,6
5547,Southbound,S,907390,2,10,6
5547,Eastbound,E,907189,2,10,6
5547,Westbound,E,907189,2,10,6
5547,Eastbound,W,907227,2,10,6
5547,Westbound,W,907227,2,10,6
5782,Northbound,N,907663,2,10,6
5782,Southbound,N,907667,2,10,6
5782,Northbound,S,9523599,2,10,6
5782,Southbound,S,907795,2,10,6
5782,Eastbound,E,10948099,2,10,6
5782,Westbound,E,10948099,2,10,6
5782,Eastbound,W,10113306,2,10,6
5782,Westbound,W,10113306,2,10,6
3970,Northbound,N,907863,2,10,6
3970,Southbound,N,907857,2,10,6
3970,Northbound,S,907989,2,10,6
3970,Southbound,S,20229268,2,10,6
3970,Eastbound,E,8115811,2,10,6
3970,Westbound,E,8115811,2,10,6
3970,Eastbound,W,6780334,2,10,6
3970,Westbound,W,6780334,2,10,6
4436,Northbound,N,908387,2,10,6
4436,Southbound,N,908368,2,10,6
4436,Northbound,S,908493,2,10,6
4436,Southbound,S,908497,2,10,6
4436,Eastbound,E,908411,2,10,6
4436,Westbound,E,908411,2,10,6
4436,Eastbound,W,8327622,2,10,6
4436,Westbound,W,8327622,2,10,6
4240,Northbound,N,1146215,2,10,6
4240,Southbound,N,1146215,2,10,6
4240,Northbound,S,8351261,2,10,6
4240,Southbound,S,8351261,2,10,6
4240,Eastbound,E,1146214,2,10,6
4240,Westbound,E,8351267,2,10,6
4240,Eastbound,W,1146303,2,10,6
4240,Westbound,W,30073994,2,10,6
35341,Northbound,N,3948690,2,10,6
35341,Southbound,N,3948690,2,10,6
35341,Northbound,S,7929917,2,10,6
35341,Southbound,S,7929917,2,10,6
35341,Eastbound,E,1146947,2,10,6
35341,Westbound,E,20161453,2,10,6
35341,Eastbound,W,1147026,2,10,6
35341,Westbound,W,12763897,2,10,6
4080,Northbound,N,1147048,2,10,6
4080,Southbound,N,1147048,2,10,6
4080,Eastbound,E,14189397,2,10,6
4080,Westbound,E,30007499,2,10,6
4080,Eastbound,W,30021714,2,10,6
4080,Westbound,W,1147135,2,10,6
5585,Northbound,N,1147136,2,10,6
5585,Southbound,N,1147136,2,10,6
5585,Eastbound,E,30021714,2,10,6
5585,Westbound,E,1147135,2,10,6
5585,Eastbound,W,30065735,2,10,6
5585,Westbound,W,2790371,2,10,6
3928,Northbound,N,1147537,2,10,6
3928,Southbound,N,1147537,2,10,6
3928,Eastbound,E,1147552,2,10,6
3928,Westbound,E,1147551,2,10,6
3928,Eastbound,W,1147544,2,10,6
3928,Westbound,W,5999366,2,10,6
5196,Eastbound,E,1147347,2,10,6
5196,Westbound,E,1147347,2,10,6
5196,Eastbound,W,2642049,2,10,6
5196,Westbound,W,30023645,2,10,6
5194,Northbound,N,1147287,2,10,6
5194,Southbound,N,1147287,2,10,6
5194,Eastbound,E,30018111,2,10,6
5194,Westbound,E,10250082,2,10,6
5194,Eastbound,W,30006411,2,10,6
5194,Westbound,W,30006408,2,10,6
5195,Northbound,N,9445898,2,10,6
5195,Southbound,N,9445898,2,10,6
5195,Eastbound,E,30065733,2,10,6
5195,Westbound,E,2790371,2,10,6
5195,Eastbound,W,30018111,2,10,6
5195,Westbound,W,10250082,2,10,6
3933,Northbound,N,3948690,2,10,6
3933,Southbound,N,3948690,2,10,6
3933,Northbound,S,7929917,2,10,6
3933,Southbound,S,7929917,2,10,6
3933,Eastbound,E,1146947,2,10,6
3933,Westbound,E,20161453,2,10,6
3933,Eastbound,W,1147026,2,10,6
3933,Westbound,W,12763897,2,10,6
4161,Northbound,N,1146976,2,10,6
4161,Southbound,N,1146976,2,10,6
4161,Northbound,S,7929920,2,10,6
4161,Southbound,S,7929920,2,10,6
4161,Eastbound,E,1147026,2,10,6
4161,Westbound,E,1146975,2,10,6
4161,Eastbound,W,30082883,2,10,6
4161,Westbound,W,1147016,2,10,6
12165,Northbound,N,30023614,2,10,6
12165,Southbound,N,30023614,2,10,6
12165,Northbound,S,14130686,2,10,6
12165,Southbound,S,14130686,2,10,6
12165,Eastbound,E,30082914,2,10,6
12165,Westbound,E,20233582,2,10,6
12165,Eastbound,W,13973647,2,10,6
12165,Westbound,W,20233583,2,10,6
4406,Northbound,N,14621056,2,10,6
4406,Southbound,N,14621056,2,10,6
4406,Northbound,S,14134900,2,10,6
4406,Southbound,S,14134900,2,10,6
4406,Eastbound,E,14134883,2,10,6
4406,Westbound,E,14134987,2,10,6
4406,Eastbound,W,14134884,2,10,6
4406,Westbound,W,14134990,2,10,6
3927,Northbound,N,30072807,2,10,6
3927,Southbound,N,30072807,2,10,6
3927,Northbound,S,1143847,2,10,6
3927,Southbound,S,1143847,2,10,6
3927,Eastbound,E,30002751,2,10,6
3927,Westbound,E,30002744,2,10,6
3927,Eastbound,W,30002759,2,10,6
3927,Westbound,W,30002748,2,10,6
5440,Northbound,S,445328,2,10,6
5440,Southbound,S,445328,2,10,6
5440,Eastbound,E,9234642,2,10,6
5440,Westbound,E,9234642,2,10,6
5440,Eastbound,W,445298,2,10,6
5440,Westbound,W,445298,2,10,6
11730,Northbound,S,5040647,2,10,6
11730,Southbound,S,5040647,2,10,6
11730,Eastbound,E,439628,2,10,6
11730,Westbound,E,439628,2,10,6
11730,Eastbound,W,439730,2,10,6
11730,Westbound,W,439730,2,10,6
28112,Eastbound,W,0,2,11,6
28112,Westbound,W,0,2,11,6
28112,Northbound,N,0,2,11,6
28112,Southbound,N,0,2,11,6
28112,Eastbound,E,0,2,11,6
28112,Westbound,E,0,2,11,6
455,Southbound,N,906898,1,10,12
28506,Eastbound,W,906898,1,10,12
24126,Northbound,S,30029306,1,10,12
3823,Northbound,S,30037208,1,10,12
34316,Eastbound,W,30012958,1,10,12
34317,Westbound,E,30012958,1,10,12
34009,Westbound,E,30073636,1,10,12
34008,Eastbound,W,30073636,1,10,12
29970,Westbound,W,104477,1,10,12
1980,Westbound,E,20140757,1,10,12
25357,Northbound,N,20041330,1,10,12
25360,Southbound,N,20041330,1,10,12
3285,Eastbound,W,30011544,1,10,12
33160,Southbound,N,14307786,1,10,12
33159,Northbound,N,14307786,1,10,12
28922,Eastbound,W,30085272,1,10,12
28921,Westbound,E,30085273,1,10,12
22250,Northbound,S,10487714,1,10,12
22251,Southbound,N,10487714,1,10,12
3504,Southbound,N,14304138,1,10,2
31473,Southbound,N,30004696,1,10,2
23107,Eastbound,W,112765,1,10,2
36363,Southbound,S,436109,1,10,2
24887,Westbound,W,30060510,1,10,2
24886,Eastbound,W,30060510,1,10,2
3526,Northbound,S,108379,1,10,2
28179,Southbound,N,30013783,1,10,2
28180,Northbound,N,30013783,1,10,2
29639,Northbound,N,30011526,1,10,2
23318,Southbound,N,30011526,1,10,2
34510,Southbound,N,20364355,1,10,2
30237,Northbound,S,20111019,1,10,2
20519,Westbound,W,30005881,1,10,2
1686,Northbound,S,105462,1,10,3
3351,Southbound,N,7514990,1,10,3
29614,Southbound,N,2597802,1,10,3
32485,Southbound,N,30075834,1,10,3
29673,Westbound,E,30005845,1,10,3
30787,Eastbound,W,20078109,1,10,4
20608,Northbound,S,7074349,1,10,4
20609,Southbound,N,7074349,1,10,4
37224,Southbound,N,111323,1,10,4
37225,Northbound,S,111323,1,10,4
33844,Eastbound,W,7731208,1,10,5
37388,Northbound,S,14049254,1,10,5
11487,Southbound,N,14019222,1,10,5
37390,Southbound,N,14049254,1,10,5
1179,Eastbound,E,911992,1,10,1
3765,Northbound,S,14063952,1,10,1
3766,Southbound,S,14063952,1,10,1
11442,Westbound,E,1138205,1,10,1
11443,Eastbound,W,1138205,1,10,1
14019,Southbound,S,7737,1,10,1
14020,Northbound,S,7737,1,10,1
21253,Northbound,S,20045555,1,10,1
21254,Southbound,N,20045555,1,10,1
21331,Westbound,E,30062306,1,10,1
21332,Eastbound,E,30062306,1,10,1
21558,Northbound,S,439974,1,10,1
21560,Southbound,S,439974,1,10,1
21586,Eastbound,E,438456,1,10,1
21589,Westbound,E,438456,1,10,1
21814,Northbound,N,437613,1,10,1
24852,Eastbound,W,841,1,10,1
25465,Southbound,S,30089908,1,10,1
25468,Northbound,S,30089908,1,10,1
25778,Westbound,E,914665,1,10,1
25816,Eastbound,E,914678,1,10,1
26062,Southbound,N,7796027,1,10,1
26314,Eastbound,E,439745,1,10,1
26390,Southbound,N,12491314,1,10,1
26392,Northbound,N,12491314,1,10,1
27069,Northbound,N,442586,1,10,1
27509,Northbound,S,3111364,1,10,1
27759,Eastbound,W,1143000,1,10,1
28850,Northbound,N,30062226,1,10,1
28851,Southbound,N,30062226,1,10,1
29297,Northbound,N,30085820,1,10,1
29301,Southbound,N,30085820,1,10,1
29543,Northbound,N,20034586,1,10,1
29821,Westbound,E,107652,1,10,1
30363,Northbound,N,112417,1,10,1
30557,Southbound,N,30076006,1,10,1
30726,Southbound,N,6257558,1,10,1
30727,Northbound,N,6257558,1,10,1
30925,Northbound,N,108418,1,10,1
30938,Westbound,E,246,1,10,1
32627,Eastbound,W,14247636,1,10,1
32628,Westbound,E,14247637,1,10,1
32978,Southbound,N,20089994,1,10,1
33692,Southbound,N,30068848,1,10,1
33693,Northbound,N,30068848,1,10,1
34114,Northbound,S,913646,1,10,1
34739,Eastbound,W,910481,1,10,1
34740,Westbound,E,910481,1,10,1
35247,Eastbound,W,30073171,1,10,1
35249,Westbound,E,30073171,1,10,1
35721,Westbound,E,9066262,1,10,1
37542,Eastbound,W,30058055,1,10,1
37543,Westbound,E,30058054,1,10,1
1271,Southbound,N,0,1,11,1
2246,Southbound,N,0,1,11,1
20641,Westbound,E,0,1,11,1
20650,Eastbound,W,0,1,11,1
20669,Eastbound,E,0,1,11,1
21544,Westbound,E,0,1,11,1
21546,Eastbound,E,0,1,11,1
29183,Southbound,N,0,1,11,1
29775,Eastbound,W,0,1,11,1
29776,Westbound,W,0,1,11,1
30561,Southbound,N,0,1,11,1
31653,Northbound,S,0,1,11,1
31654,Southbound,S,0,1,11,1
34017,Northbound,S,0,1,11,1
34566,Eastbound,W,0,1,11,1
34567,Westbound,E,0,1,11,1
34768,Westbound,W,0,1,11,1
2976,Southbound,N,442754,1,10,1
23816,Northbound,S,20235445,1,10,1
11502,Northbound,N,14043810,1,10,1
3113,Southbound,S,30011542,1,10,1
31974,Westbound,E,30005145,1,10,1
11518,Northbound,S,20056806,1,10,1
3830,Southbound,N,12334624,1,10,1
24796,Southbound,N,30006887,1,10,1
23211,Northbound,S,30014930,1,10,1
11647,Northbound,N,14675034,1,10,1
11648,Southbound,N,14675034,1,10,1
31250,Southbound,N,7973682,1,10,1
34675,Westbound,E,30090074,1,10,1
26153,Eastbound,W,14673437,1,10,1
22583,Southbound,S,912099,1,10,1
36307,Southbound,N,30066217,1,10,1
37212,Northbound,N,30075786,1,10,1
30671,Southbound,N,9135170,1,10,1
27762,Westbound,E,0,1,11,1
30586,Westbound,E,0,1,11,1
16672,Eastbound,E,0,1,11,1
37244,Westbound,W,0,1,11,1
6542,Eastbound,E,0,1,11,1
6493,Westbound,E,0,1,11,1
16509,Eastbound,W,0,1,11,1
3524,Westbound,E,0,1,11,1
24416,Eastbound,W,540,1,10,1
29919,Westbound,W,30006220,1,10,9
29920,Eastbound,E,30006220,1,10,9
31959,Northbound,S,30071767,1,10,9
31960,Southbound,N,30071767,1,10,9
30659,Eastbound,W,30067949,1,10,9
20397,Northbound,S,30066162,1,10,9
20401,Southbound,S,30066162,1,10,9
16510,Westbound,W,0,1,11,9
27171,Westbound,E,30028880,1,10,9
27172,Eastbound,W,30028880,1,10,9
27357,Southbound,N,30038153,1,10,9
23140,Southbound,N,910701,1,10,9
29557,Eastbound,E,20051039,1,10,9
35537,Eastbound,W,30039432,1,10,9
35538,Westbound,E,30039433,1,10,9
3191,Eastbound,W,30022999,1,10,9
1166,Eastbound,W,909095,1,10,1
3284,Northbound,S,909016,1,10,1
1283,Eastbound,W,913561,1,10,1
2966,Northbound,S,6853471,1,10,1
3075,Northbound,S,442364,1,10,1
3282,Westbound,E,12334940,1,10,1
3478,Southbound,N,12373943,1,10,1
3482,Northbound,S,6837746,1,10,1
3518,Northbound,S,30054171,1,10,1
3519,Southbound,N,12334091,1,10,1
3522,Eastbound,W,12334089,1,10,1
7782,Eastbound,W,12353415,1,10,1
28800,Eastbound,E,109937,1,10,1
28799,Westbound,E,109937,1,10,1
30352,Westbound,E,111164,1,10,1
30362,Eastbound,E,111164,1,10,1
27701,Eastbound,W,906946,1,10,9
37807,Westbound,E,906946,1,10,9
36440,Westbound,S,30066221,1,10,9
36439,Eastbound,S,30066221,1,10,9
28978,Eastbound,W,3072790,2,10,9
28978,Westbound,W,3072790,2,10,9
6476,Eastbound,E,11272524,2,10,9
6476,Westbound,E,11272524,2,10,9
31126,Northbound,N,103245,2,10,9
31157,Southbound,N,103246,2,10,9
31157,Northbound,N,30073535,2,10,9
31157,Eastbound,W,20110688,2,10,9
31157,Westbound,W,20110688,2,10,9
31157,Eastbound,E,20110694,2,10,9
31157,Westbound,E,20110694,2,10,9
31595,Northbound,S,9011650,2,10,9
31595,Southbound,S,9011650,2,10,9
31595,Northbound,N,109516,2,10,9
31595,Southbound,N,109516,2,10,9
31595,Eastbound,W,9638451,2,10,9
31595,Westbound,W,9638451,2,10,9
31595,Eastbound,E,3497265,2,10,9
31595,Westbound,E,3497265,2,10,9
5667,Northbound,N,444365,2,10,9
5667,Southbound,N,444365,2,10,9
32322,Eastbound,E,30043655,2,10,9
32322,Westbound,E,30043655,2,10,9
36086,Northbound,S,14673442,2,10,9
36086,Southbound,S,14673442,2,10,9
36438,Eastbound,E,30066221,2,10,9
36438,Westbound,E,30066221,2,10,9
36481,Eastbound,E,913528,2,10,9
36481,Westbound,E,913528,2,10,9
36882,Northbound,S,30004916,2,10,9
36882,Southbound,S,30004916,2,10,9
37281,Eastbound,W,10757619,2,10,9
37281,Westbound,W,10757619,2,10,9
37593,Eastbound,W,30017745,2,10,9
37593,Westbound,W,30017745,2,10,9
37594,Eastbound,E,14303963,2,10,9
37594,Westbound,E,14303963,2,10,9
31474,Northbound,N,13971133,1,10,9
31475,Southbound,N,13971133,1,10,9
35347,Westbound,E,30065648,1,10,9
3919,Southbound,N,0,1,11,9
30547,Westbound,E,20059734,1,10,9
3550,Westbound,E,0,1,11,9
15284,Southbound,S,14677610,1,10,9
24782,Northbound,S,30002424,1,10,9
24781,Southbound,S,30002424,1,10,9
34321,Westbound,E,20232321,1,10,9
26474,Southbound,S,0,1,11,9
15287,Northbound,S,14677610,1,10,9
62,Southbound,N,30060868,1,10,9
26473,Northbound,S,0,1,11,9
26691,Eastbound,W,5788486,1,10,9
35346,Eastbound,W,30064524,1,10,9
61,Northbound,N,30060868,1,10,9
6523,Westbound,W,0,1,11,9
34318,Eastbound,W,0,1,11,9
34320,Eastbound,W,20232321,1,10,9
3549,Eastbound,W,0,1,11,9
26692,Westbound,W,5788486,1,10,9
1283,Eastbound,E,913561,1,10,9
34319,Westbound,E,0,1,11,9
11552,Eastbound,E,14673844,1,10,9
33894,Eastbound,W,0,1,11,9
11551,Westbound,E,14673844,1,10,9
28285,Northbound,S,0,1,11,9
28284,Southbound,S,0,1,11,9
33391,Westbound,E,442215,1,10,9
33928,Eastbound,W,442452,1,10,9
34674,Eastbound,W,109421,1,10,9
34672,Southbound,N,109421,1,10,9
37255,Southbound,N,20364356,1,10,9
33185,Westbound,E,10851728,1,10,9
36445,Northbound,S,445486,1,10,9
35745,Northbound,N,30064108,2,10,9
35745,Northbound,S,30064105,2,10,9
35745,Eastbound,E,7929725,2,10,9
35745,Westbound,E,7929725,2,10,9
35978,Northbound,N,8564480,2,10,9
35978,Southbound,N,8564480,2,10,9
35978,Northbound,S,8006940,2,10,9
35978,Southbound,S,8006940,2,10,9
35978,Eastbound,W,1146666,2,10,9
35978,Westbound,W,1146666,2,10,9
35262,Northbound,N,30076853,2,10,9
35262,Southbound,N,30076853,2,10,9
35262,Northbound,S,30023614,2,10,9
35262,Southbound,S,30023614,2,10,9
35748,Northbound,N,8714,2,10,9
35748,Southbound,N,8714,2,10,9
35748,Northbound,S,8722,2,10,9
35748,Southbound,S,8722,2,10,9
35748,Eastbound,W,9544961,2,10,9
35748,Westbound,W,9544961,2,10,9
35751,Northbound,N,9109930,2,10,9
35751,Southbound,N,9109930,2,10,9
35751,Eastbound,E,8051,2,10,9
35751,Westbound,E,8051,2,10,9
35751,Eastbound,W,8046,2,10,9
35751,Westbound,W,8046,2,10,9
33356,Northbound,N,0,1,11,9
32384,Northbound,N,6620032,2,10,9
32384,Southbound,N,6620032,2,10,9
32384,Northbound,S,1583,2,10,9
32384,Southbound,S,1583,2,10,9
32384,Eastbound,E,1519,2,10,9
32384,Westbound,E,1519,2,10,9
32384,Eastbound,W,1574,2,10,9
32384,Westbound,W,1574,2,10,9
35809,Northbound,N,10269630,2,10,9
35809,Southbound,N,10269630,2,10,9
35809,Northbound,S,10269846,2,10,9
35809,Southbound,S,10269846,2,10,9
35809,Eastbound,E,14253062,2,10,9
35809,Westbound,E,14253062,2,10,9
35697,Northbound,N,9667910,2,10,9
35697,Southbound,N,9667910,2,10,9
35697,Northbound,S,9667449,2,10,9
35697,Southbound,S,9667449,2,10,9
35697,Eastbound,E,446247,2,10,9
35697,Westbound,E,446247,2,10,9
35697,Eastbound,W,9667519,2,10,9
35697,Westbound,W,9667519,2,10,9
33355,Northbound,N,446105,2,10,9
33355,Southbound,N,446105,2,10,9
33355,Northbound,S,446270,2,10,9
33355,Southbound,S,446270,2,10,9
33355,Eastbound,E,446104,2,10,9
33355,Westbound,E,446104,2,10,9
33355,Eastbound,W,446162,2,10,9
33355,Westbound,W,446162,2,10,9
31339,Northbound,S,377,2,10,9
31339,Southbound,S,377,2,10,9
31339,Eastbound,E,343,2,10,9
31339,Westbound,E,343,2,10,9
31339,Eastbound,W,361,2,10,9
31339,Westbound,W,361,2,10,9
32383,Northbound,N,6674329,2,10,9
32383,Southbound,N,6674329,2,10,9
32383,Northbound,S,111686,2,10,9
32383,Southbound,S,111686,2,10,9
32383,Eastbound,W,111680,2,10,9
32383,Westbound,W,111680,2,10,9
35749,Northbound,N,441235,2,10,9
35749,Southbound,N,441235,2,10,9
35749,Northbound,S,10258433,2,10,9
35749,Southbound,S,10258433,2,10,9
35749,Eastbound,W,10258463,2,10,9
35749,Westbound,W,10258463,2,10,9
35752,Northbound,S,7457874,2,10,9
35752,Southbound,S,7457874,2,10,9
35752,Eastbound,E,440279,2,10,9
35752,Westbound,E,440279,2,10,9
35752,Eastbound,W,10071501,2,10,9
35752,Westbound,W,10071501,2,10,9
35747,Northbound,N,30032711,2,10,9
35747,Southbound,N,30032711,2,10,9
35747,Northbound,S,14069324,2,10,9
35747,Southbound,S,14069324,2,10,9
35747,Eastbound,E,30028168,2,10,9
35747,Westbound,E,30028168,2,10,9
35747,Eastbound,W,14069363,2,10,9
35747,Westbound,W,14069363,2,10,9
37967,Northbound,N,105584,2,10,9
37967,Southbound,N,105584,2,10,9
37967,Northbound,S,13974899,2,10,9
37967,Southbound,S,13974899,2,10,9
37967,Eastbound,E,105583,2,10,9
37967,Westbound,E,105583,2,10,9
35979,Eastbound,E,10759021,2,10,9
35979,Westbound,E,10759021,2,10,9
35979,Eastbound,W,10758989,2,10,9
35979,Westbound,W,10758989,2,10,9
4313,Eastbound,W,11267773,2,10,9
4313,Westbound,W,11267773,2,10,9
11661,Northbound,N,30071848,2,10,9
11661,Southbound,N,30071848,2,10,9
4148,Northbound,N,439530,2,10,9
4148,Southbound,N,439530,2,10,9
4148,Northbound,S,14659517,2,10,9
4148,Southbound,S,14659517,2,10,9
11310,Northbound,S,30038262,2,10,9
11310,Southbound,S,30038262,2,10,9
20285,Northbound,N,30060911,2,10,9
20285,Southbound,N,30060911,2,10,9
20285,Northbound,S,30075809,2,10,9
20285,Southbound,S,30075809,2,10,9
20285,Eastbound,E,7641692,2,10,9
20285,Westbound,E,7641692,2,10,9
20285,Eastbound,W,7641725,2,10,9
20285,Westbound,W,7641725,2,10,9
27560,Eastbound,E,1144961,2,10,9
27560,Westbound,E,1144961,2,10,9
31905,Eastbound,W,108009,2,10,9
31905,Westbound,W,108009,2,10,9
33396,Northbound,S,30004030,2,10,9
33396,Southbound,S,30004030,2,10,9
32478,Eastbound,E,10313423,2,10,9
32478,Westbound,E,10313423,2,10,9
34255,Eastbound,E,6341027,2,10,9
34255,Westbound,E,6341027,2,10,9
31581,Eastbound,E,105939,2,10,9
31581,Westbound,E,105939,2,10,9
31236,Eastbound,E,8492350,1,10,9
31236,Westbound,E,8492350,1,10,9
31334,Eastbound,E,30007062,2,10,9
31334,Westbound,E,30007062,2,10,9
31188,Eastbound,W,105939,2,10,9
31188,Westbound,W,105939,2,10,9
34774,Northbound,N,8087385,2,10,9
34774,Southbound,N,8087385,2,10,9
34774,Northbound,S,8087369,2,10,9
34774,Southbound,S,8087369,2,10,9
34774,Eastbound,W,912797,2,10,9
34774,Westbound,W,912797,2,10,9
36198,Northbound,N,10834665,2,10,9
36198,Southbound,N,10834665,2,10,9
35960,Westbound,W,30054216,1,10,9
34817,Eastbound,W,30057972,2,10,9
34817,Westbound,W,30057972,2,10,9
35988,Eastbound,E,20112786,2,10,9
35988,Westbound,E,20112786,2,10,9
35744,Eastbound,E,14304091,2,10,9
35744,Westbound,E,14304091,2,10,9
35744,Eastbound,W,14304063,2,10,9
35744,Westbound,W,14304063,2,10,9
36009,Eastbound,W,11186784,2,10,9
36009,Westbound,W,11186784,2,10,9
35432,Northbound,N,9467832,2,10,9
35432,Southbound,N,9467832,2,10,9
37873,Northbound,S,14066608,2,10,9
37873,Southbound,S,14066608,2,10,9
37874,Northbound,N,30053313,2,10,9
37874,Southbound,N,30053313,2,10,9
38048,Northbound,S,5070578,2,10,9
38048,Southbound,S,5070578,2,10,9
37606,Northbound,S,11267778,2,10,9
37606,Southbound,S,11267778,2,10,9
